{
  "askcliResourcesVersion": "2020-03-31",
  "profiles": {
    "default": {
      "skillId": "",
      "skillMetadata": {
        "src": "./skill-package"
      },
      "code": {
        "default": {
          "src": "../cdk/lambda"
        }
      },
      "skillInfrastructure": {
        "userConfig": {
          "runtime": "python3.9",
          "handler": "handler.lambda_handler",
          "templatePath": "./infrastructure/cfn-deployer/skill-stack.yaml",
          "awsRegion": "us-west-2"
        },
        "type": "@ask-cli/cfn-deployer"
      }
    }
  }
}